Square_Footage,Num_Bedrooms,Num_Bathrooms,Lot_Size,Garage_Size,Neighborhood_Quality,House_Age,prediction,actual
2028,2,3,1.784789510533302,2,2,58,29395.48,434165.8966340506
3519,5,3,4.009947471097449,0,10,59,89709.26,788284.6902015205
4507,2,3,4.122336786796645,0,7,11,145806.92,985499.1963159838
3371,4,2,1.5803183321940493,0,1,25,61473.945,736289.1245550752
2871,5,1,3.4269136197073893,2,6,51,66714.09,636552.7524853058
888,1,3,3.2865756442411174,0,3,53,19954.861,215993.8951157028
697,2,3,2.327053107677498,1,7,10,16477.695,216591.97111921213
4201,3,1,2.660213197895385,0,8,29,101608.23,876992.62965777
1743,4,3,2.5807602961064333,0,5,17,30732.055,435500.9447943791
3568,2,3,3.9462306765570943,1,2,3,120871.74,818706.7764361517
1775,1,2,4.241154677998865,2,1,70,59131.19,406069.2709127523
1791,2,1,2.430432193284007,0,5,41,33961.105,355281.41848528635
1489,4,2,0.7961529231075941,0,10,16,17864.342,347769.0613211003
2743,4,2,2.2014534640435284,1,5,44,33054.12,606157.4972713309
2786,1,2,1.622763858572338,2,9,10,69303.15,617979.8529750025
1240,1,2,3.5916761776211623,0,8,74,28559.602,262398.4460460842
802,4,2,3.6351280014653686,1,4,35,5603.748,237185.9132691445
1743,1,3,2.189484993505607,0,2,4,51443.934,381738.0175438036
2490,5,1,4.16874348990752,1,10,75,59305.215,567376.4006946473
3209,2,3,4.671123558489986,0,3,74,84175.18,694271.1623037981
1353,5,3,1.9026042283176865,1,1,29,21426.307,354054.70019158506
1346,4,2,1.6672478033443832,1,8,7,19219.768,351280.4162027617
2698,2,3,1.1105974300652568,2,4,42,41664.05,571367.8252792631
3652,1,3,2.81015694601212,1,9,31,96609.21,793995.2848757812
1036,4,3,1.9321791862357665,1,10,58,17091.686,238220.4845448509
3592,1,2,3.634822720478255,0,9,9,111421.85,777977.3901185812
4636,4,1,3.6486734274476422,2,7,56,132058.39,985351.0239129456
2179,1,2,1.757371478792324,0,1,48,44564.24,443005.62363881344
1454,4,1,2.9946050654736607,1,3,15,29583.691,369854.9244932172
1167,1,1,0.9443174309719964,2,10,58,20047.658,219652.59801356145
4570,4,3,2.8080367498346424,2,7,58,116124.07,972537.496467423
1887,2,1,1.8825753283147424,0,2,11,52554.324,439793.0780082437
1824,2,1,2.0364137132193423,0,5,8,45656.59,427947.1030973768
2168,2,1,1.202161151029896,2,7,30,38449.91,465144.0719417193
1146,3,1,2.3205589538180784,1,2,27,24214.166,281313.0614448485
4056,3,3,2.7975280793420216,1,4,33,101149.35,883819.0911218557
1718,5,3,3.1302490798885563,0,6,37,28080.178,424712.5512524801
3554,2,2,0.8001224663245199,1,9,31,62427.887,734201.4615779822
762,2,3,3.3488269407478084,0,10,3,33187.734,237070.7057045996
3338,4,1,1.026552761860758,2,8,67,56035.297,671803.9439013259
966,1,2,2.73066687604351,1,8,48,12356.832,229698.9186636115
1654,5,2,0.9952847789050184,2,10,4,39188.465,417416.2622542783
2352,3,2,3.569689227027357,2,1,34,60121.75,526951.7757612201
4262,2,1,3.401875502667409,0,9,47,114447.87,894261.7196452515
4646,2,2,0.5141340772165495,2,8,53,97315.805,915005.2948821838
1559,1,1,2.528493277488637,1,4,22,43421.082,364658.5286208398
2826,3,3,0.7498626476411775,2,1,5,66751.97,632482.6223597979
2527,2,1,3.548630366705628,0,6,27,67038.93,551967.8882668803
3599,1,1,2.061331968805513,1,8,44,85632.43,721018.0639031393
1284,5,2,4.219782554761199,1,7,49,24620.543,350816.184399563
4061,1,1,2.239790776852254,0,6,73,96502.21,787420.4040749857
1779,5,3,3.326537890596073,1,10,9,56078.44,480192.2452357916
3121,4,2,3.927541442961482,1,10,9,91183.99,728927.0713778214
4712,3,2,2.573014234250701,0,2,40,113723.57,976572.7481782682
3274,4,1,2.808149741486446,1,3,21,76477.72,724842.1846929234
4965,5,2,3.0314984057287133,2,2,48,132913.34,1075864.2810329462
3311,5,2,3.126222666536449,0,9,54,60815.902,722603.6896894623
1188,5,3,1.5157747572760734,2,3,5,34180.027,342365.20713846444
2292,1,3,4.895574677724138,2,6,75,77073.24,483905.9983899615
3944,5,3,2.475930043628728,2,8,35,98948.055,879796.9835223783
3428,1,1,1.2350149164007576,1,8,14,81038.414,710065.5617561329
2042,2,3,4.075163680340777,0,6,38,45547.43,475471.1766686792
4993,3,2,2.237953967676638,1,3,59,119188.05,1020324.7565966452
1480,1,1,1.877231585852546,1,7,45,25065.857,304174.6641013576
2641,2,3,4.564358504754931,0,7,27,76165.695,621862.7654183527
626,2,1,1.178093691503752,2,1,66,15929.054,113576.5123703764
4097,5,1,2.753199166265021,2,4,74,93638.57,852599.97505604
2187,5,3,2.1943862950518422,0,10,51,36402.3,504023.26087166165
3945,2,2,4.859035725084607,0,8,54,118469.12,846346.3280926006
2431,1,3,1.544250828655202,0,10,16,49619.08,538851.8933945443
1213,1,2,1.29736625455036,2,4,21,23429.717,269665.8613983956
4127,1,2,4.216629682922137,1,4,35,135889.19,886568.3132277146
3781,2,1,1.844522919744132,1,5,18,91374.086,826587.7969711117
2705,1,3,4.100330444345905,2,8,22,94417.63,628610.9650581649
3876,2,2,1.4805891871340606,0,9,31,76862.516,795928.1818267058
2185,4,2,3.9416043760667474,2,5,44,51075.645,504176.5060593679
2549,5,3,4.374703847764904,2,3,10,83917.72,656223.1627305328
4481,2,2,3.9810744577882415,2,7,22,154490.69,996696.835850388
4974,5,2,3.709561406375016,2,10,25,153483.8,1107045.062935083
4350,2,1,0.6350959946708234,1,5,57,82739.836,877752.3422257571
749,1,3,0.5754033702157209,1,7,40,6586.376,146020.40342022013
1818,2,1,3.4941434378850698,1,9,17,48293.22,441001.3484190839
3936,3,1,0.7993742369488486,0,8,23,71988.74,815811.6827370644
1037,2,2,4.889179747158894,2,10,61,46886.73,255907.13436003952
4699,2,2,2.9960946940103885,2,2,15,151315.27,1008240.7854354944
3370,5,3,1.6154301142779064,1,2,4,75913.945,769318.6038261497
3459,5,3,3.09476303208373,2,7,66,87255.984,759151.2379465501
3438,3,1,3.3669261537099917,2,8,45,91967.61,738091.5512277477
4993,1,2,4.595958656904905,1,6,68,160894.75,1038319.1650899692
4564,2,2,4.084288338756688,1,4,35,145811.86,991703.3944221088
4650,3,3,3.531657800939704,2,10,70,133258.84,988234.6180212416
2363,1,3,3.2844743466845223,0,6,17,61026.473,528869.8625493657
2458,2,1,3.9085900045282296,1,10,63,61299.348,523387.09594019287
3801,2,3,2.4604015570542943,1,1,70,77840.02,783978.6474904561
2135,3,3,4.035393965881072,1,5,29,50108.547,533039.4327952061
3181,2,2,1.909234408233997,0,2,30,64752.73,690319.8868147184
2000,2,2,2.1410180430545145,1,8,21,29891.256,448879.5107617519
3940,4,2,3.2484682880826736,0,7,59,81469.21,842172.2092376931
3419,1,1,2.805281407595683,1,1,53,95066.33,703413.1109446795
2233,5,3,4.106065963432139,2,5,15,70877.586,573797.9393068494
3245,5,2,1.5182386286746992,2,10,75,68806.02,695195.3585354679
4860,5,2,3.872417026913639,0,6,48,125371.38,1060712.8283115798
1655,2,3,2.5195046179757665,2,5,28,32285.87,396277.33998439007
4579,2,3,2.595571437930258,0,10,20,122353.305,987442.6840517226
2070,4,2,3.4537363672314525,1,8,47,34777.793,473629.2215424205
3951,4,2,2.714245202220803,2,4,54,91531.38,851472.5994111879
1650,5,2,4.098730611284238,2,9,3,58888.45,474045.8427124246
1960,4,1,4.255659286678725,1,6,48,39187.72,466251.4916197072
3876,1,1,3.625941977645789,0,5,51,114194.96,793323.8127937265
4500,3,2,4.539846049293764,0,6,71,122425.36,936969.4548360409
1577,5,1,1.623974731009339,2,2,27,27759.9,370970.3860521568
970,4,2,2.3488569132822343,1,1,44,8864.95,258717.68020973945
4646,1,2,1.1281949031191003,0,9,9,117774.64,965317.5061019752
1960,4,1,0.6616858198368785,1,3,53,17232.654,407600.3914029592
4991,2,1,0.6867462523238574,2,1,29,126234.97,1023975.1331555475
3116,4,3,1.830445437256184,1,3,24,56854.855,696224.0924052008
1800,2,2,3.375644715117144,2,10,21,51088.535,443408.3059778237
3244,1,1,4.346165525419389,1,10,22,114773.945,726227.5690417645
503,5,2,1.3750143999425988,0,9,7,10381.938,206042.3513164644
4423,1,1,3.865074573917176,0,5,60,133501.6,888140.07598706
1995,2,1,0.5658271649495408,1,1,42,38337.23,397482.74798703607
1198,3,2,3.866021313671316,2,5,13,33051.684,346152.8475921306
1666,3,3,2.653232523151829,2,10,16,48175.16,412045.7826588494
4542,3,1,3.6955164485177567,0,1,29,133654.08,978835.1052830342
3135,5,2,0.7038258962588485,2,9,37,56265.81,663727.5441240586
1714,2,3,3.7837035792384,0,10,17,49772.184,431423.2948124018
4172,5,3,2.7956677120534548,1,10,69,99968.98,894611.0786564201
3986,3,1,0.5226194867441141,2,5,17,86473.71,827741.1738157432
2105,3,1,0.5435909723343548,1,10,4,34921.723,472291.952524426
1163,2,1,2.5879555915899126,0,5,49,21000.705,244030.4071335913
1376,5,1,1.8707106009838568,1,6,33,8750.966,335417.6369743354
1648,3,1,2.2806858360820668,2,2,65,30175.557,342303.6892675472
4824,1,1,0.7784856575621386,0,1,64,110476.984,924012.9418488424
2406,5,2,0.930780746349788,1,1,37,29264.436,533178.2402465394
1360,2,1,0.5996366396268326,0,5,44,18287.38,262382.8522740563
3624,2,1,2.0617806582472773,1,3,3,97985.46,786580.3015186453
1812,3,3,1.7497358930787972,1,2,32,19580.29,415639.6454079276
3279,4,2,1.503779276942406,2,6,35,59891.67,695362.741532193
3949,1,1,4.0314635682124464,0,5,17,129916.88,833283.0644545743
3283,3,2,4.741966296349837,1,1,9,114504.664,764387.1612255372
999,2,3,1.241981494543123,0,6,48,4923.249,226125.4126756759
917,1,2,3.534798433162917,2,4,33,24762.4,251359.7986427481
3897,3,2,3.677713259535744,0,10,29,103841.695,837398.565143556
2737,2,3,4.197415698327971,0,3,28,75641.44,637736.0103999889
4469,5,2,3.976323287357318,2,6,70,122197.89,992213.4530121648
3286,5,3,1.4697534149039797,2,9,67,72903.07,681361.2493428746
4985,1,2,1.6080987243677003,1,5,35,129807.47,1032002.2381140392
4100,2,1,1.9522695772698728,1,1,69,95966.16,809712.7379333257
3231,1,1,3.9843620732506784,1,10,8,115331.21,731490.1175330897
1268,5,3,3.0768928390201307,2,8,71,40306.645,321199.3469094537
3411,1,3,0.8119774867449414,2,2,11,85310.54,719969.4352945103
1069,5,1,0.8366954233773787,1,5,68,7614.2656,234389.76681767972
1074,2,3,2.7453700261119467,0,6,39,13025.499,251724.67925135957
1576,3,2,0.9291722102287638,1,8,47,7252.557,340980.72481778456
2341,3,2,1.2655193778917666,2,10,25,42379.035,517655.1581174146
4913,1,1,1.177736464482233,1,4,53,117249.2,977158.5923179968
3201,1,1,3.277484626450553,0,5,47,88601.23,662119.9410580613
2643,3,1,4.617346392850859,0,5,61,70317.31,572941.4282388942
2182,2,1,0.5712042739856937,1,2,58,34454.812,408013.5790622347
2136,4,3,3.813029971378476,2,3,4,68249.44,551859.0856947603
2071,4,1,3.980214715020124,1,4,26,47884.223,508941.1259280808
2548,5,3,1.322025729078507,2,7,75,51852.617,547523.9110807307
3945,5,3,2.368584375503182,1,8,25,88561.64,860329.4923109863
4136,5,3,3.187815891590612,2,8,30,114642.57,926531.8100085806
3431,3,2,4.321305524757669,2,7,55,101594.63,762159.3914733424
1767,5,3,1.073238872001527,1,1,16,29874.111,432357.9061027443
4929,3,3,4.057342296222531,2,5,54,152751.36,1062899.029267778
1123,5,2,2.6117835229660566,2,2,75,21721.518,267132.4135848208
4413,3,2,4.750995794769929,1,9,23,150013.36,983106.2224146988
845,1,1,3.5278121006984517,0,6,24,38030.95,222673.0658697626
3772,5,1,0.5708431084805464,0,2,20,66756.23,819125.6470544274
3948,1,1,1.759516935108921,0,5,8,105965.38,823529.5488742903
2353,3,3,4.026975750577622,1,5,69,50612.496,534464.9120087984
3011,4,3,1.890301955306687,1,1,41,46710.324,658260.7060110456
3671,1,2,4.911960066216673,0,1,13,135843.02,814427.8614089885
2417,4,1,3.9158911965003727,2,8,22,67361.42,580272.8715936985
2180,2,3,1.5799521374148089,1,5,6,45868.19,507967.8360673265
2562,1,3,2.417319399317437,2,6,54,50484.965,538349.0962151848
4658,1,3,4.544545503818065,2,6,38,166686.75,1021278.340082141
697,1,3,4.061585934002835,1,9,48,26653.299,202427.97400689824
2193,5,1,3.6618809263620298,0,10,57,37966.934,497340.9981159924
4196,4,1,2.4638881942831685,2,10,31,108980.02,922420.588370604
1565,3,3,4.933285497908036,1,3,66,41492.363,368640.6584269345
3235,3,2,0.8535102391567722,0,2,46,42437.176,655719.1459405582
4277,5,1,0.772722084717094,1,7,10,86369.305,927092.4059599084
2259,1,2,2.321262787233464,0,6,8,55779.246,509733.85039647983
1884,4,1,2.1054592023047265,2,7,68,29371.338,414166.584309186
4248,3,3,1.4775389890385486,2,6,61,87169.22,883626.6203857235
1304,5,2,4.849463824484371,2,6,57,42098.06,357477.332666952
2408,2,2,1.13498417309608,0,8,50,22812.488,476966.9362678016
3476,5,2,1.1229597199822745,2,9,75,68413.88,712212.2154102818
3324,1,1,0.688934430093147,2,8,11,79095.6,697574.5556670319
2972,2,1,0.7357608301768754,1,2,7,67874.77,629290.1434469345
3742,2,1,2.4973663478958548,2,5,65,90379.836,758977.8818675748
1173,3,1,3.556396180405262,1,6,52,17337.15,288382.46046148066
3113,5,2,3.7815563431113937,1,2,26,76158.23,731331.6610567131
614,2,3,3.9330200099946384,0,9,69,21035.738,172534.44400203408
2319,2,2,0.8939689881250128,0,1,27,42148.39,501720.6757217424
2119,2,1,2.3347209679935137,0,4,18,51688.145,468251.3632686849
2606,4,2,4.055066787019469,0,2,63,50727.723,572024.023634332
689,5,1,3.8868723233232623,2,2,29,23181.834,227515.3002879812
3493,1,1,1.1401485789956691,2,9,14,89361.07,724420.5096752369
4685,5,2,0.9147558131259454,2,1,8,114527.695,1015603.7016174662
1853,2,3,3.022609140504719,2,8,5,57896.844,471816.8853184141
3972,3,2,2.9200232063361944,0,5,7,104930.49,878049.2511558104
1993,4,3,2.032451759659536,0,7,36,23638.244,462185.7241886994
2762,2,2,4.5109319286213445,1,6,49,77172.945,619407.6279156839
1581,1,2,2.812328305594691,0,4,31,38137.99,358458.3807510001
2085,5,1,1.5419679618427198,2,10,50,37909.668,467768.122943975
2031,3,2,4.730993625070783,2,10,32,71953.336,501692.8515892058
3433,3,2,1.1169025613544044,2,5,21,68379.24,739205.5159327254
2224,4,3,0.8646737470927555,0,5,8,36442.13,518166.38138878136
3465,4,3,0.657226608826948,2,3,22,66756.54,749471.4241491086
690,4,3,3.5118887412284563,2,4,68,21553.898,203867.04292282808
977,5,1,1.7952408448322263,2,1,69,18139.834,214146.49100738543
2233,4,3,2.3900183333663225,0,6,19,38602.918,525760.8806101802
2476,1,3,0.7956145242034665,1,6,33,33653.53,513292.75970622
3353,4,2,1.9571880870609413,0,2,49,49039.19,701368.1143168806
4798,5,1,3.3450716789053745,2,1,28,141905.89,1045202.3496436334
3640,2,2,1.8219915777847584,0,2,19,82278.9,788471.7465500822
1582,5,2,4.48528893908798,1,5,69,32765.486,396246.3588887452
2897,1,3,4.017269656383796,2,7,60,84712.35,625246.1179756841
2327,4,3,4.609547061896554,0,1,20,67312.15,585574.1096146859
2133,5,3,3.853307729163265,2,7,55,62311.25,523680.204086382
1095,1,2,1.4485165220960972,1,10,51,12388.038,214492.39812518292
3751,5,3,3.782586964242487,2,1,52,98159.38,839522.318603536
2778,1,1,3.4811777612372365,1,10,34,82206.445,605371.7047170609
2481,3,1,0.7039367553240257,0,1,34,45087.06,509725.550655089
2387,1,2,1.9246404195889304,2,1,34,55728.707,508927.8041870647
2565,4,1,0.7485013433436281,0,2,38,35219.953,527544.910534171
4557,5,3,0.5923436662819634,0,10,67,76818.0,935973.5562996916
2765,4,1,3.0144467508097894,2,4,23,67620.31,630531.7401285437
4545,1,3,4.34417355048801,2,7,55,151930.94,973850.3282632278
3482,3,2,2.778486392094205,0,8,26,75412.234,775422.1168993582
4514,4,3,1.2470982063928735,1,3,32,92729.67,955158.90638745
2933,5,3,4.781489129265565,2,9,52,100301.016,701133.8041471172
2234,2,2,3.37245007906322,2,10,40,58788.277,507847.5873391124
4230,3,1,3.079504375023161,1,9,74,98908.04,874856.2710820399
3917,1,1,0.8675027413704332,2,7,37,90918.13,780363.0627911759
2628,4,2,2.4985186092334954,0,4,38,33379.04,576020.0443075488
4291,2,1,1.2714537951974425,1,10,45,93911.68,862580.4983858576
904,3,3,1.2123675504752645,0,5,68,2391.2776,198204.1283050715
4777,3,3,3.1936779833210185,2,7,46,137241.58,1009807.4390560028
2796,3,1,2.752147921400232,1,2,25,64417.367,621460.4905680827
4275,4,3,3.2762481232302587,0,4,66,91434.13,896792.553841208
1216,4,2,3.094125969009893,1,1,52,13914.011,299226.76708907617
4955,1,1,1.908725652784161,2,6,55,134477.83,995441.7102207708
3311,5,2,0.52405772384464,0,3,50,33637.71,688516.5046690886
1138,2,3,1.9595561346277508,2,9,3,36391.613,315357.48101832974
1418,2,3,3.287045543616101,0,8,29,28155.342,353161.46132211224
3919,4,2,1.7409083199857658,2,3,13,94723.38,875382.7427446679
4646,4,1,4.974868704014931,1,7,13,163206.31,1046163.3264236908
3873,4,2,0.5289584517355808,1,9,39,58841.8,801313.0610758337
2827,2,2,4.512698893412357,2,3,12,104608.31,640767.2241513439
516,5,3,3.57554199833379,1,1,66,13259.165,171023.95659837997
3447,5,3,4.264243207781151,2,3,4,114494.08,830557.1687018349
3372,5,1,2.4906493989608847,0,4,39,58336.637,733900.7559066785
2625,5,1,4.19192069116559,0,4,24,64902.05,625113.6084591298
3339,2,3,3.1501988372550387,0,5,64,65517.473,722543.0796460027
912,4,1,1.055303668425184,0,5,17,11201.751,233504.5137836983
4384,3,2,2.9661456049890806,2,7,8,136479.58,985223.9966541852
3125,5,1,2.899631296755961,1,9,55,55322.844,667696.0449735246
2348,4,3,4.676458259794039,2,5,23,79481.63,594755.3248280677
3800,5,2,4.889628627413098,1,1,30,116253.54,888184.3038431654
4880,3,1,4.66035110929355,1,5,17,170905.25,1075814.4318808403
1063,3,2,3.855890205842567,1,1,59,19355.18,266533.05392411625
3229,1,1,3.365427726699472,0,7,65,85784.586,645145.5398468642
3965,1,2,4.983792321555749,0,2,48,133890.89,846516.6709494363
4084,3,3,3.1163769751190924,2,8,67,106002.086,858011.5135429478
3794,1,1,2.0768596250458886,0,1,38,101301.34,783176.6365627198
1325,3,1,3.5151464201340503,1,5,68,23832.787,289985.41455097107
2070,3,3,2.9374088819754194,2,7,13,55091.043,525582.3102214569
3889,4,1,1.932368426115563,2,1,55,86960.055,796470.173239297
1304,2,3,2.4492340009182487,1,9,65,20028.814,277832.10571177263
1512,3,2,3.643387813441117,0,5,22,28642.63,389645.3296127529
4991,1,2,4.249419604685034,2,6,43,174258.39,1037268.0434280155
4922,4,1,4.23375289844731,2,2,7,173432.14,1108236.8362913695
2832,4,1,3.1653561697794306,1,6,24,62061.06,656065.8419892447
2650,2,1,3.62000819180618,0,7,19,73632.56,596659.3685492761
2484,3,2,1.9031096163009589,1,1,19,48588.285,562238.4809757017
4844,3,1,1.9384342488142812,2,5,73,115420.57,979926.724614952
4340,5,3,1.881070309375565,0,10,63,85491.914,903251.9405609448
2891,2,3,3.9784402458751407,0,2,43,72301.1,635097.3959198
1253,5,1,3.268641439770863,0,3,51,16591.145,296184.19659571577
3331,3,3,0.8723031783065185,2,1,56,54059.1,687869.2513012193
1863,5,1,1.317754819526704,1,5,72,16104.417,376388.0216286443
3112,2,3,2.6566704046154186,0,9,45,60639.11,666733.4734616925
4175,1,3,3.452247598890668,1,10,63,112687.055,848824.7742976189
4082,3,3,0.8610001090507133,2,6,52,77464.82,857205.2452653883
1581,3,3,1.6225619193195453,0,2,33,18346.617,342679.45001245977
3868,1,3,4.26888875334225,0,4,11,130358.79,864309.0323581436
3537,4,1,1.9944940248865608,1,1,7,87476.43,769763.673034886
4213,3,2,2.059514419174464,1,9,70,82085.55,845932.4082879503
706,3,3,3.198970917367241,1,10,39,21200.285,199414.94263280893
4632,4,1,4.650653681015463,2,10,48,151147.61,997885.7696999718
2486,4,1,2.366668037250262,0,7,46,29126.58,543734.421890143
3282,5,2,2.383620284891701,0,4,24,58808.723,752791.6325948103
1175,4,2,4.677725775363384,0,7,47,24891.186,310471.3888855296
3556,4,3,4.961541055292564,1,10,57,111797.414,796875.0927818617
2145,4,1,4.659291818575976,2,1,16,74897.914,524818.9633293215
1213,1,3,1.8702163973702788,1,2,8,32762.33,305026.7707546245
1869,5,1,4.722861847361648,1,1,5,66141.53,510876.9990932239
3046,5,2,3.6611975371481096,0,5,69,52197.2,676719.1220590248
3213,4,2,2.989003869762672,2,10,75,79584.664,665309.7683934513
2636,4,1,3.956024458909444,1,8,3,77627.13,645781.7324767867
3810,2,1,4.245877325346138,2,5,44,124360.8,821117.7482116626
625,3,1,2.389319139588429,0,2,18,24505.045,185569.89426877032
2927,5,2,2.994518634531552,0,4,48,43173.934,648902.5219843038
4908,2,3,1.8413404273617024,1,9,3,138666.67,1058290.680940349
509,5,3,1.4386476548347282,1,1,68,9332.964,140538.08318538152
3920,3,3,3.2854620411436466,2,10,23,118533.97,881016.0047742793
1645,1,1,2.1269362943931736,2,9,23,39214.613,368670.1351204142
2431,3,3,1.054546590723462,1,5,38,25924.09,505877.59815497726
4617,5,1,4.3578900606237845,0,4,20,138696.52,1019192.6613592046
1135,5,2,3.943221479675449,1,5,35,17711.059,329218.5249164853
820,4,1,1.0650451038676312,2,2,7,23886.674,236054.0002831533
3734,3,2,0.6123479995402572,0,1,20,70601.695,785248.3619879358
646,1,1,2.3105072985679973,2,4,69,21583.854,146406.89625235138
1013,1,1,4.737095837302702,1,7,48,43430.785,248621.82614873743
1475,2,3,3.790924338664833,1,5,11,43212.027,370167.09090271546
3618,3,2,2.329505527136469,0,1,19,83951.74,793421.1417884243
555,2,1,1.5525361916249156,0,2,63,14652.897,111626.85342361582
2139,1,1,0.6110787075106308,0,10,26,36216.207,422950.9047116141
3349,4,3,4.504476769130689,0,5,67,78557.555,749571.2916347987
3414,4,1,3.058092043285729,0,8,19,78606.55,748136.4563894381
3824,3,2,3.0256505513371583,2,8,54,96542.21,809782.1662261934
3728,2,3,3.4751330529291344,1,7,22,108350.27,816939.5874308393
2755,2,2,4.386386395834772,1,4,46,76913.125,616308.9624199027
1260,4,2,1.9296261389622296,2,9,60,23103.164,278644.6693366641
3190,2,1,3.912202814252266,2,1,52,97948.78,684824.5348634415
1297,2,3,1.1493914032472137,2,1,55,17466.646,284798.2134604166
1378,4,2,3.3439490617828507,0,3,3,36047.574,384461.3548261602
4664,5,3,3.003476032656857,2,3,46,120866.66,1010183.5001098072
1909,2,3,1.4886805567613015,2,5,57,24604.615,390430.2223774808
2334,5,1,2.3511855713566523,2,7,59,42228.066,515300.5927029035
1228,4,2,3.0040529262145537,2,6,66,23025.107,287478.2675046062
2207,1,3,4.563921775444422,1,1,63,65456.18,492112.0397149675
564,5,3,2.844829357287745,2,4,7,30890.977,242865.9315016322
617,1,1,2.3472310732724955,0,5,43,20874.295,147206.86576297088
643,5,1,1.9949250692629472,1,7,16,6335.794,213397.79303700436
3419,3,2,4.407848545736219,2,5,63,98811.26,752101.9024207598
627,2,1,2.637279343686867,0,2,58,19243.736,126097.92716348889
3946,2,1,0.927087985703058,1,8,63,70468.73,779202.6809723858
3423,3,1,4.5714485375605305,0,2,65,98425.79,731262.2024937344
3193,2,1,2.879259885942961,1,2,56,78370.66,639073.1842415399
3793,1,1,4.976078743384193,0,2,37,138100.06,804450.0990071343
2605,1,2,2.6861784301068417,0,8,34,55437.652,557218.6456389157
1450,3,3,0.5243221565270144,1,6,30,12348.862,325738.14789058163
4462,4,2,3.2075697380823325,1,4,9,129873.68,1010589.32913523
1806,1,2,2.576853174148731,0,2,24,49632.375,420203.4615575062
3560,1,1,1.5126884427689244,0,1,20,95391.01,740148.1937768575
4219,1,2,4.931805847851923,1,8,32,151520.02,923122.114178692
4706,2,2,3.606825748599824,1,7,27,147492.89,1000021.7606809204
4343,3,3,3.23784021146008,1,1,70,103097.82,899382.8651584806
3230,3,1,2.960133477333529,2,7,14,90416.055,734110.0243598827
2703,1,1,4.155161544456538,1,8,38,85436.62,576620.3718535388
2989,1,2,2.019421858996556,2,5,62,59605.137,609401.0845045892
1684,5,3,4.052342398611136,1,8,27,50099.047,467628.527062253
1275,2,2,2.9551333220111653,0,10,46,19684.334,296291.0010075069
4749,3,2,3.8372117875330343,1,6,55,135467.23,1007770.5792970628
4143,1,2,2.723664517870472,1,8,41,111253.125,845141.6166638864
3268,4,2,3.1087902476038645,2,2,42,77786.65,742599.2533323644
4219,1,3,3.435059089095984,1,1,26,131890.5,907601.7861704028
1641,3,2,0.9046231018686604,1,3,29,15015.385,364016.40122898977
1639,2,2,2.281827149364222,1,9,17,25913.26,395042.3550597105
1217,3,3,1.7726050880172488,1,9,29,19836.227,314916.5292154408
2031,2,3,4.010851708173478,1,1,12,67019.09,496840.5291926289
2482,1,3,1.8663077216472808,2,6,66,41229.184,507185.45440816105
1059,4,3,4.180353375447632,0,2,68,21075.97,263760.9441483153
3691,1,2,4.696450652086029,0,10,70,110495.68,758140.6272517709
2660,5,3,4.157211289518779,1,5,38,64626.055,649973.3618681368
3802,2,2,3.995557175332522,2,4,50,116308.15,816173.7524264855
1814,2,2,1.0277606651020026,2,5,23,26861.271,405940.62394306617
2455,3,2,4.951479892809876,0,10,72,67902.54,527393.5128875901
3856,2,3,1.2438602876208258,2,5,11,96176.34,824351.6710960343
2982,1,1,2.5871641237745595,2,9,20,87656.875,646118.3979191775
4081,1,1,1.404793184224753,1,7,28,99529.836,834105.7943401121
2040,1,2,0.90045371685356,2,1,73,34194.42,379109.0941130737
3396,3,3,3.668374720946026,0,10,18,92076.05,762080.8235471162
4318,4,1,1.203276692973993,2,8,49,90730.586,897666.0008462978
1491,2,3,1.3966067948374132,2,10,34,31111.707,346010.94983818056
3058,2,1,1.498552073529678,0,2,8,76755.36,672852.0519810001
2651,5,3,2.715045418320837,1,6,55,48341.473,601083.947569366
4727,2,2,2.7818709082712,2,4,70,125196.58,976049.1314638924
4187,5,3,2.619275264476315,2,6,28,106745.04,950877.0053637534
4474,2,2,3.409701997768978,0,2,3,139716.17,985699.1860734548
4968,4,3,0.8404749675684988,1,6,31,103761.59,1043830.2913439176
4079,5,3,1.476303106387458,1,10,18,90098.26,909836.08484369
2561,5,1,0.5697874878196648,1,2,42,31397.826,541967.633559251
1159,1,2,2.802360730527847,2,3,68,25848.389,250101.5473305484
3567,3,3,3.1854938898276037,2,9,53,95234.555,779362.3561113286
3145,2,1,1.1452791650490164,2,5,70,58458.184,613606.1874695573
1025,4,3,1.4489880245635467,0,6,6,20419.51,282660.2192955372
2719,4,3,2.9633667817087663,2,9,59,70546.35,623326.5868033242
3505,3,1,4.126905053904126,0,3,42,97154.12,753186.167662594
3277,4,3,4.7010698755594165,1,10,29,104313.85,752466.6746666236
3675,3,1,2.1451806545178504,2,4,42,86115.57,779019.7305378267
1752,3,2,2.8053515609918627,1,6,16,27142.697,432824.65856336313
2652,2,3,0.8439793746775145,2,4,72,35224.332,537770.4956241908
2073,2,3,3.4825832339437475,0,8,62,38524.254,438849.2345292175
974,2,2,2.336535755716654,2,1,39,19376.684,234261.64997473892
4529,2,1,4.924875455683103,2,6,6,178966.55,1026790.0663279732
4864,2,2,1.0686041659152976,2,2,28,123021.04,988325.4879158876
1560,1,1,3.610453142239432,0,9,26,49320.043,359657.9955923103
3378,5,1,1.7347307234116436,1,8,37,53583.676,734156.8160862669
2643,3,3,0.7164153968541594,0,9,59,26985.057,530326.7865334606
4561,2,1,2.171686746467454,2,2,71,115728.29,907358.632995708
2097,5,2,3.8670477409935313,1,7,71,40408.95,481368.1255215702
2680,4,1,3.87512785463986,2,3,40,70978.15,600207.3340100806
1829,4,3,3.4170615382194365,0,4,66,24455.205,417900.59093719104
3719,4,2,2.25767123411802,1,10,9,88637.49,828512.1019589091
1471,5,1,1.2019138866451993,0,3,43,11770.614,341253.2207795087
1842,3,1,1.2708273101975167,1,4,48,18951.92,405144.670068021
3063,2,2,4.360797909117757,2,3,69,88094.02,647832.2075906589
3095,4,2,2.90915573531743,0,4,59,46831.004,670894.0581247887
4096,1,1,2.73602983325022,2,2,43,120178.96,826494.0471232897
3952,1,2,4.984545453300421,1,9,37,140545.6,875163.0460692297
3784,4,1,3.802474088611436,1,5,4,116836.055,870504.8285910133
2420,5,3,2.8837128474876543,2,10,52,68933.51,560889.7929688855
3056,2,3,4.315675476935068,2,3,7,112880.63,735678.4622017285
4880,2,2,4.206228893591852,0,10,73,136976.19,1004325.3931894517
702,5,3,0.5257336161235517,1,5,54,7421.0205,183663.6464573192
1314,5,1,3.998549602320735,2,5,53,30096.664,341956.2674322983
4782,3,3,4.62471485739085,1,10,19,163260.64,1067425.216621323
3404,3,3,3.529608977095392,0,1,48,75669.18,735850.8123421574
633,5,2,1.280043738388764,2,5,48,9639.157,176494.35410241215
534,3,1,2.527153571617679,0,10,9,12219.69,187508.58531168045
1322,2,3,3.43827346162029,2,5,44,28837.96,345655.79485490214
3557,2,2,1.655345733393911,0,4,40,64017.91,730405.6620242158
4675,2,1,4.774548507107342,0,7,10,164834.53,1033450.4577544982
2323,3,3,1.5171493855489344,2,5,34,36971.266,511645.2377877411
4812,2,1,1.7282749762916954,1,7,60,111134.06,961367.1393329063
3037,1,3,3.3376142371239155,2,8,11,100317.68,699683.2484112402
1660,3,2,3.639723383989818,1,4,64,23095.205,357130.1202818031
4297,3,2,3.2651859988023406,2,2,68,112201.055,910000.3859570916
4567,2,2,2.546925992612907,0,6,37,113901.46,938151.8372450712
3505,2,3,4.433768069706617,1,8,57,100230.27,745670.6371477235
3579,5,1,2.856036107884351,0,7,46,64223.81,765780.0440479134
1198,1,3,4.673098312638337,2,1,23,55668.996,334276.21781208954
554,3,2,1.5464359922938475,2,6,71,6680.4297,120795.5523667112
4952,4,3,4.725027320185737,2,9,30,170123.05,1099211.6405116057
4487,3,2,4.79090794033179,1,7,49,142255.42,971977.0246414564
2863,1,3,3.4149840482765392,0,4,68,63207.72,582468.7977365239
1811,4,2,1.8304926767222864,1,8,10,25613.092,436325.0761836845
3587,2,3,2.848788515653537,0,3,59,72339.98,720883.657171062
1717,1,2,4.322903969695556,0,7,63,45503.6,383644.1777444591
3038,5,1,2.854458747368937,0,3,58,48857.754,647006.812552705
3705,5,1,2.672210628846205,2,10,37,89122.79,808905.5849604708
4312,5,3,1.690321117949772,2,2,56,88679.586,919941.4098368196
3174,1,1,4.986091483652099,0,5,49,111695.99,678385.989963216
1516,1,3,2.493767130486895,2,6,40,28206.822,353129.5684734057
862,2,1,2.716695523498164,2,7,13,22432.486,234762.8244790115
4031,4,2,4.279191584915697,0,4,18,118580.29,899849.5188200921
2496,3,2,1.8448571086656385,2,9,11,53485.12,551668.6465406333
664,2,2,2.296250575299588,2,8,43,8849.259,170024.87591657112
2365,2,2,2.588300102320271,0,10,38,40231.496,510534.1603835063
4678,5,3,3.045596774634526,0,1,39,110308.88,1007068.6501452676
4483,3,1,1.723039322360581,1,1,54,100021.77,921002.248222852
4889,4,2,4.825217370695743,2,8,34,167876.48,1064004.872579212
4072,1,1,4.524819748918283,0,5,21,140293.08,889695.2695039134
3974,4,3,4.219934258572882,0,6,7,119302.37,928059.7129533672
1492,4,1,2.4333028875357985,1,2,11,33109.938,366271.8455560513
3401,5,3,3.5424726161645834,1,5,29,80763.266,786584.6102391081
2560,4,2,3.802574196508413,0,2,10,67649.914,622100.1895022333
3814,4,1,2.439890881804802,1,2,29,87910.05,834587.5117736553
660,1,1,3.5856524432013974,0,6,9,42265.496,203447.4833684562
566,1,3,1.087255688527329,0,1,15,22738.143,158454.83915736206
3290,3,1,3.759549828482928,1,10,71,77794.85,696709.415289048
1622,3,2,2.0120317654554896,1,2,71,13331.509,325380.0022571336
3467,5,3,3.891803316926021,1,4,72,79148.17,760678.6016673865
2539,4,3,1.47312737683938,0,8,19,41793.117,572608.4313965299
2074,2,3,1.4191104151047536,2,8,15,43906.87,473734.215407891
3891,5,3,0.8691065834516188,1,3,35,63815.656,833111.8086328949
2146,5,2,2.2201351338985624,0,4,27,25335.209,510968.1406545
1863,4,2,2.5840162122688017,2,4,30,30989.346,450941.1354372639
3573,3,3,0.6927689980360097,1,2,30,60791.504,750481.7169351575
1354,2,3,4.852686143868645,1,3,17,51091.137,370260.6031667921
3569,3,3,2.6405951810493145,2,8,60,84660.96,769087.1879559917
3835,3,2,4.011565382330714,2,9,67,109426.01,806269.4033782159
2196,3,2,0.7447583683504003,2,8,16,34952.035,485376.42332357954
4643,1,3,4.557123523791804,2,3,6,181278.66,1021134.6211894122
1293,1,1,3.173638382404059,1,5,57,33936.383,279607.45517641783
3324,5,1,2.018896096477185,2,7,7,78688.17,759882.5851426219
630,3,3,1.0142859649909075,1,8,28,8296.905,173875.03721558454
2497,3,1,1.6411285264836613,2,7,25,47154.27,555012.7033097085
1100,5,3,2.343826563993226,0,1,7,27084.623,318266.2771320871
1667,1,2,1.3653945321513237,1,8,71,18229.861,302975.3037628076
2468,2,2,0.9842638314193648,1,7,11,40579.297,540221.2539417966
3944,2,3,1.4024884003036993,2,10,44,89564.01,822030.766712673
3274,5,3,4.012502120992462,2,7,21,100110.55,748220.493682927
4734,5,3,3.773881536012927,0,4,56,114980.62,1021159.6924822456
884,1,3,4.072682236369841,1,2,61,23966.719,217669.8849055049
3093,1,3,0.6311983370994005,0,2,14,64612.44,650748.6977489772
3051,1,2,1.4980189018654335,0,6,26,60260.434,624411.6024682868
1832,4,3,1.0682201169847934,1,5,18,25646.166,432387.0410257919
1199,1,1,2.45927140779081,0,2,72,33262.676,211038.85316259583
1831,4,3,0.7105363023729583,1,9,15,32613.568,432687.983790756
2868,1,2,0.9436231716008556,1,10,39,46627.785,581948.159950993
3848,4,2,1.7531182801739855,1,3,9,86923.586,841676.0140843305
4597,3,2,3.680770351012435,0,9,9,139566.02,1006939.6644174114
577,5,3,2.0831225288465864,1,10,54,16042.606,185557.6964804336
1166,5,2,0.9111834718718416,1,10,17,19241.953,319601.3915396029
3208,2,3,4.267683532123289,2,2,74,89557.66,672640.7862957919
2081,1,1,3.866723718744585,0,5,59,62243.906,424881.192942697
3572,4,3,0.6911145916543993,1,3,67,43047.4,729385.5524036873
2714,3,1,3.413824091795134,1,4,58,57403.723,574450.4841823126
3652,2,1,0.9244734183096964,2,7,57,72293.22,734985.0630470021
3499,5,1,3.5004735940275373,1,5,4,98428.99,804433.8093218554
3090,1,2,3.0479675708867746,2,7,71,74073.99,641013.919122572
2579,2,3,2.70066098888429,1,5,15,61017.76,603812.5887922472
724,2,2,3.319056588546172,0,5,43,11117.277,194628.72736203528
4144,3,2,1.4684201587993675,2,3,75,80668.61,834328.5793736472
3647,4,1,4.695452412029949,2,5,32,119967.02,827205.303959231
3824,1,2,2.0609868936397358,0,6,7,100110.63,802714.096172766
2193,4,1,4.731886432853361,0,6,29,59533.035,530004.3428420601
2459,1,1,3.1047807561601664,0,4,61,64804.82,491715.9476636626
2538,5,3,0.784131318173261,0,2,57,22103.877,551463.8888534079
2849,1,1,3.7591453737461,1,5,29,86993.97,604718.223692736
2982,1,3,3.5660885595860696,0,4,69,68386.22,626454.2784147046
3957,3,3,2.813904680042026,0,5,3,106913.53,885550.3826256534
2990,1,2,3.9718042789931935,2,6,39,94890.18,663456.3939054122
4223,1,1,2.575251055642595,1,9,13,127907.91,884677.6890798345
2517,5,1,4.730824360634371,2,6,38,74592.57,629609.0984680437
3401,5,1,1.0149418337556135,2,2,12,76022.16,756373.8420634224
1024,5,2,3.995614994629496,2,1,27,30679.932,323701.2441901499
4685,1,1,4.70827439026922,2,6,69,159951.73,955223.3951427988
2029,1,3,4.2069532810960535,1,8,59,53866.246,455122.0999589496
2343,1,3,3.79851628832759,1,5,51,55671.887,507554.9440535184
2182,3,3,2.130940951771231,2,5,72,37382.04,470978.4795328964
895,1,3,2.146486143005962,1,6,4,23985.486,235478.10213396215
1315,3,2,2.757090649630768,0,7,44,8929.2,308618.40727220185
3308,3,1,4.3384189789876615,0,9,47,88163.016,707483.440019593
3217,5,3,4.368003786130716,2,7,13,106175.66,779867.2165969982
2538,4,3,4.892147143700917,0,10,27,79350.516,611557.8808542505
4620,5,1,0.914444393898154,1,5,8,101863.83,985628.9692003924
3728,2,1,1.629860466493255,0,6,41,74459.73,771385.1497807608
2354,3,3,3.5808178741923484,1,3,20,58679.645,556236.7348047679
1782,2,1,3.981481542030496,0,6,43,47950.973,400585.46235503367
3766,5,1,2.208275440032516,0,5,45,63914.74,787281.7359378719
2125,3,1,3.6865482570528143,1,2,64,50202.098,454484.4215050965
1372,4,2,2.5003771387257183,1,10,10,26615.232,377431.0643911781
4527,4,2,1.000117162994056,0,7,74,67124.086,898403.5372117123
3262,2,3,0.8941608383267587,1,3,10,69446.35,696027.2851612554
3620,4,1,2.228191872759952,0,5,47,62875.402,738643.2007694525
4933,3,1,4.7693497781737,2,7,10,185485.95,1096158.2899088082
4688,5,3,1.91671623208242,2,7,42,111083.38,1004456.2194818492
3932,3,2,4.94975989125124,2,5,55,128895.64,865263.3836358162
760,2,1,1.8337640309387755,2,3,14,24377.12,211508.5901215244
4533,2,1,2.856202462186753,1,6,54,119162.28,940711.9831153804
841,5,3,1.1210696915902327,2,7,41,23257.186,238047.5927999937
4800,1,1,4.582620249603826,2,1,51,170789.23,1018026.9936582922
4033,3,2,3.224665627366754,2,6,30,117235.9,889107.6929684004
2876,3,2,4.223104496717655,1,10,14,88638.98,663568.5126665218
3238,2,1,1.5668811883280305,0,7,18,67374.164,676233.0768279255
1443,3,1,1.1926377940230726,1,10,34,12881.396,320689.2188217977
1323,4,1,4.384109919810825,1,6,39,25198.441,362719.62685852055
3475,1,1,2.983447113895336,2,7,42,99400.22,731899.435616318
1422,1,1,4.837204223953131,1,1,67,63577.35,313266.83650286886
3002,5,2,2.4400058229365227,0,4,11,60265.047,690243.7506863925
4209,4,2,4.392331723018408,0,4,59,108563.93,896600.4885198027
3657,3,1,2.9720419020624096,0,10,64,75374.16,747384.0608082061
1669,5,1,4.087449826604432,2,9,47,46613.68,416605.60725276713
4996,1,3,4.252063779134723,1,1,11,179878.58,1102533.6490590929
3677,5,2,4.332174436868986,0,6,38,91871.24,847131.2132821754
1858,1,2,1.541660431608447,0,8,36,24548.236,376032.361536576
864,5,3,1.0958207607340458,0,7,13,17144.244,250123.469112831
1848,2,2,2.8403332750001766,0,8,73,26337.145,381998.6086592969
1808,1,3,3.967012494832954,1,5,57,40705.094,402330.051233892
2455,5,2,1.325535805176032,1,7,50,26453.217,531945.983279591
3604,1,2,3.3915992464563534,0,3,59,95001.234,740286.5597469498
1752,2,1,2.77078561073463,1,7,46,29149.65,373171.5899458196
3845,3,1,4.989302700131234,2,7,11,146464.8,888020.5575222683
3551,2,2,2.962568841892894,0,3,55,79103.84,740281.2153448497
2893,2,2,0.536265965039539,0,8,24,41065.18,607535.6340463364
2016,1,1,2.6074858367021605,0,3,4,70165.65,450594.5679766036
2622,1,3,3.4020630738156017,0,4,54,58125.957,561747.2624036099
2824,5,2,1.4616416370664778,2,6,54,47654.516,591174.1368528144
3559,2,1,3.2173294214312507,2,8,22,108953.02,758946.7724048437
801,4,3,4.733479848602754,2,10,52,48893.758,258111.6713724362
2328,2,1,4.417852466675708,1,9,57,65065.65,527715.5373919866
4323,4,1,2.8322427940144084,0,7,19,108332.24,938864.8192625764
1399,2,2,1.6805433505142555,0,3,22,25136.197,310271.2636685363
654,5,2,1.4327284058045042,2,8,65,13135.129,158636.70310577296
835,5,3,3.8825427741031366,2,2,22,32539.373,294548.40256048914
2068,3,1,1.397773917183238,1,5,60,21396.72,414808.6543176996
1456,1,1,2.541105499652754,0,6,42,35405.56,297387.92248393584
3962,4,2,2.979729289827196,0,6,9,99866.836,868356.2431862867
3126,2,1,3.211114238165548,0,1,11,95334.47,708104.0557380343
2886,5,1,2.9345130451744814,2,5,68,59570.2,619360.9693678387
2794,2,2,4.866059049866946,2,4,6,111649.79,673649.8960889375
1004,4,1,2.480261209292294,2,5,37,12452.987,269874.7159038473
3766,3,2,1.7856481732014404,2,1,44,82354.22,799178.3100544005
3690,3,1,4.888309891889787,0,9,29,116676.37,814843.6877321303
1451,5,3,1.940122924530764,1,8,53,23044.56,338786.44407016825
1705,5,1,1.166978579446961,2,10,22,31962.924,400306.9574091656
3332,5,2,1.751447817798604,2,2,63,59005.664,704212.5239765074
2943,3,3,3.350352831089572,1,2,7,84768.99,690305.8227623077
2692,1,3,1.0812850035939967,0,7,66,33735.723,525408.9155105908
3622,1,3,2.497567245439602,0,7,59,73356.95,734501.9542665192
4606,4,2,0.6252975840983603,2,8,35,95881.72,974421.4462019108
509,2,1,4.019228461686913,0,3,20,35300.34,179398.43319315853
3306,4,3,1.7503032344295448,1,8,47,58490.37,708003.0797050629
4136,2,3,2.112505955022532,0,3,8,107075.42,894174.439544655
2843,5,1,2.508988648084469,1,2,6,68678.26,691113.9194565738
700,1,2,2.258398185483367,1,7,25,8367.95,199066.37891066872
3854,2,1,3.2734152150480336,1,8,51,101467.96,811129.4971755756
3239,1,1,2.0103047284006026,1,2,70,78316.15,638451.4027889116
4718,1,1,3.0702303438006244,2,6,9,162065.17,981510.89525884
3986,2,2,0.5682959702907211,1,4,66,60894.703,778486.8427341338
2935,4,2,0.5601545746672804,1,9,12,45001.277,656980.4604282172
4219,2,3,3.132852989927914,1,7,11,127015.76,909745.2997917284
1647,2,2,0.5771740186183916,0,9,46,11201.964,316130.2555576059
2761,2,2,2.451967547081079,1,6,40,49025.008,596339.5709584419
4002,3,1,1.073162630515465,1,10,15,86615.96,860129.7292090545
2688,2,3,2.2904787900066035,0,10,28,53607.93,601890.2919093702
3825,3,3,3.30229527031775,1,10,34,100454.77,843637.4594569862
1446,1,2,0.916251970725337,0,9,15,22574.494,316282.80679770344
4789,3,2,1.9289956094127576,2,4,57,115361.21,988358.2476373828
1528,4,1,2.367370469300352,0,9,65,15735.796,323118.7393152309
2693,3,3,4.952442946008342,1,9,29,88784.805,648718.3260877142
1062,2,2,1.538575942669393,2,8,57,12630.735,250362.35906874528
4915,5,2,1.9939923240699435,1,3,69,98478.04,1011770.8785945608
3256,4,1,3.007897588914388,1,7,57,61261.676,701609.1002837394
2656,5,2,2.490135244338016,1,7,17,46709.496,619516.332475993
4830,1,2,2.550286203967632,2,4,15,154637.36,1027285.7703285776
755,4,1,2.4059656219635333,2,2,8,24108.766,239234.57432207957
4521,5,3,4.5621747970041024,2,2,17,151841.27,1039730.2135109294
3691,5,2,3.342395817873012,0,4,62,68388.6,809046.2841762663
4607,4,1,3.15476547260814,0,10,42,113727.29,978190.835072989
2949,2,1,2.4546267416354794,0,7,28,63797.2,641526.9853657566
2582,3,2,3.9219094025711225,1,6,43,57906.676,587557.3219128358
3990,1,1,2.051679234857764,0,8,5,110574.07,851283.9163168798
3419,2,3,4.130409037051067,1,10,26,105983.055,772740.0707275409
2700,5,3,3.1087677069375115,2,4,60,61911.23,617900.4948407207
4926,2,1,4.699072554837388,0,8,32,163914.6,1041740.8589249004
1618,3,1,1.9036035749151736,1,4,66,17963.098,340874.6232811248
1171,3,1,0.6937358122205086,1,6,67,7357.3945,206781.75744307123
1222,4,2,2.644075720577298,0,8,51,6428.434,291123.86737050366
4761,4,3,2.4717952249985986,2,4,25,130424.914,1041122.1131331322
1223,2,3,0.7275163458179252,2,9,8,30877.553,307116.6791374497
3008,4,2,4.3855957865365855,2,4,17,95965.72,716524.6919885611
505,5,3,3.881538250067046,0,3,71,11149.296,159121.4656145035
1796,4,2,4.492036927506643,2,7,41,50935.55,442278.7666177528
1370,2,2,3.1482722082154497,1,4,52,14967.163,304730.506229004
1748,4,1,0.947959307639488,2,7,23,24063.93,394408.5769492088
4670,4,3,2.8093238769055047,0,10,48,110171.375,1001847.3602497705
2500,2,2,0.7330364992976759,1,8,35,26992.834,517128.7578663306
1116,4,2,0.7045362519610818,2,7,25,16188.987,268244.1761186752
3572,2,2,1.827825571689392,1,10,68,64970.098,720713.4288162608
4514,4,3,4.917683041345137,0,4,17,145851.1,1046315.8960136625
4390,1,1,4.19269440954464,2,5,65,142577.6,912468.0479046734
3060,3,1,2.9081855015615763,2,6,56,69530.66,638284.4789553601
4725,4,2,3.6562247850186056,2,2,72,128198.76,993240.2813625648
2556,4,1,4.771403119314011,2,8,42,80094.71,607698.7371081988
2498,3,1,1.6880195748175963,1,3,12,50715.746,558598.6787614333
2399,4,1,1.4154641381124105,1,10,47,28279.914,513161.95119306416
3976,5,1,3.90350421312299,0,3,70,88700.88,827432.4143465807
2027,5,3,4.467270379450989,0,10,23,62965.664,539478.4031506823
4686,1,1,1.7286827869751304,0,4,57,113824.414,923773.1293560604
2469,5,1,4.438031200511212,2,9,38,72847.77,600564.2006890622
4046,1,3,3.2012665723761664,1,7,47,110722.57,863034.675749834
4841,2,1,2.0916350896133027,0,1,32,126038.414,987630.2411262016
3004,1,2,4.082033310922775,0,9,32,87580.15,647388.2995956682
3297,1,3,2.544814195159788,1,9,21,85391.61,740330.4672038732
2944,1,3,4.03615690460768,1,3,29,91423.086,660979.0474886918
4863,2,3,4.7169902521385465,0,9,42,154691.89,1047149.2482085732
955,3,1,3.727042558124871,1,2,10,36142.59,267185.2676416052
3804,3,1,3.33517945315992,2,6,29,111850.18,832386.3311958439
1495,3,2,2.074752227883379,2,1,39,23376.06,346932.6209008944
3736,1,1,4.962632330176033,0,7,70,123329.62,758293.3788835382
1023,4,1,3.4612474273754934,2,2,28,26891.643,287822.3768776313
3175,5,3,4.040187533182891,1,4,21,84069.21,744681.397063456
3656,2,2,4.521358640057602,1,9,3,131717.69,856066.3005338378
1750,5,2,2.255541056097526,0,1,49,18266.426,409947.2216361178
4256,3,2,1.0490333610960008,1,2,61,73796.35,852368.6069601658
4175,3,1,2.633739333223939,1,9,53,97796.23,869924.3421379088
4298,5,2,2.2065194173120206,2,3,41,99138.4,919295.8540615214
2470,2,3,4.014137103737407,0,4,51,54474.535,543160.4942000011
3885,2,3,3.251014709974911,1,9,42,102298.1,838719.430503504
4010,1,3,3.534164789029246,1,8,45,115179.055,854876.2983739193
2541,5,1,1.4358036168022548,0,8,20,31878.088,565562.7504321395
4634,2,3,1.0165861726307606,0,3,70,81177.71,915104.2350135812
1351,3,2,0.7408150831086948,0,10,33,9692.538,319748.76677475666
2885,1,3,3.062680178775142,2,2,39,78783.055,625227.045470116
2494,3,1,4.112830440479957,1,3,35,66152.01,578870.7619594942
598,4,2,0.6905402544757273,0,7,42,1718.0018,155471.16626013073
1100,1,1,3.370558435488327,1,2,49,39753.355,241079.3234902556
4443,4,3,4.741456728546074,1,1,49,133586.17,981190.782911222
2292,1,2,3.1153794067443044,2,1,25,67653.43,512734.7788937932
2164,2,2,2.3726541543827304,1,10,20,41283.355,483350.32816846616
4244,2,3,3.622125006353353,0,1,52,111266.28,926488.454118578
742,1,2,2.138507487547248,0,10,23,16078.911,181191.0670440434
1419,2,3,3.047322409016743,2,6,70,30365.639,312202.08717502066
4631,3,1,4.940280956753819,1,9,20,164022.6,1015556.1485920788
2475,5,2,4.235679423490632,0,3,14,63739.406,594005.0065233838
3024,4,1,4.480624818145345,1,9,24,89169.1,698124.6114710766
967,3,2,1.0938439383078278,0,5,19,9401.007,240302.2199712505
1453,4,3,3.551512239293939,0,4,55,19827.082,367172.5872737959
2656,3,1,3.1983240580696464,1,7,43,52360.18,559262.3223593918
3179,1,2,2.977122996963232,1,10,26,86553.93,683723.1607044176
1702,2,3,2.8023736213355632,0,8,31,28560.525,402002.4844273374
1327,1,2,2.1323912017961844,0,3,9,41741.37,312914.00307582016
3827,3,2,2.372981264804072,0,1,19,91081.305,827143.776401641
3670,4,1,4.247743558410841,2,10,30,116324.22,838774.4840391098
1266,2,2,1.931470011065624,0,10,66,13614.269,241968.8432665446
2444,5,2,0.64300317960796,2,9,65,42913.45,523988.4313016928
1145,1,3,0.919382538032126,1,3,17,18943.479,275063.0991470561
1275,5,3,2.191122571307388,1,4,19,25003.334,354189.0054772034
2862,1,2,4.767131920055357,0,2,57,92900.61,613658.1099473296
1865,2,1,1.393209835724071,0,7,65,21994.51,366797.3447576696
2704,3,2,1.1829893443299593,0,2,75,29278.877,539133.0843265855
735,5,2,3.416472655403555,0,9,52,10077.71,198659.21988081493
4691,1,2,3.010673503178153,2,8,40,145180.11,971514.7620428528
4658,5,1,1.1204837121020468,2,3,50,99528.914,951484.5473650974
1566,3,3,3.244737013682233,0,8,34,26380.58,367024.37943296967
4272,3,3,4.75301384940204,1,6,9,149811.89,985260.854490162
3995,2,3,3.4997768819571755,2,6,44,117461.18,872258.3925462884
4677,4,3,2.017862764103689,1,1,61,96905.23,965304.8489878176
4969,2,3,2.856139183496538,1,5,16,149832.08,1064774.9343224152
891,2,2,1.4325903489599523,1,9,23,7446.084,209632.84147750464
4999,5,1,4.662712289043565,2,5,73,150822.95,1060976.488572305
3388,2,2,2.679549918311789,0,1,38,79660.086,705923.3148916194
875,5,1,2.955119548064299,1,10,33,16480.385,245941.05648799823
3940,2,1,3.2170864636809324,0,10,67,94857.305,804904.7205412153
4351,5,2,3.630310935593261,2,1,54,117099.19,944921.9815744858
1562,1,1,3.2882716712521503,0,2,22,60801.27,370689.5462510848
3349,4,3,2.0186614655370416,1,5,39,57207.418,738935.8194460399
3273,3,3,4.336632297222542,0,10,75,85261.93,688357.648480334
1012,2,2,4.564841064690698,0,9,42,30033.664,264395.09178796335
2125,2,1,4.524193032153863,1,2,13,77260.67,514184.1816653132
723,2,3,3.084965401424926,0,8,5,26244.455,236865.43918275135
1970,4,2,4.413227371136498,2,8,73,58359.082,453359.87163545546
4030,4,1,0.97516195689488,0,1,21,82123.02,844959.8412339088
2985,3,2,4.620525045177424,2,5,19,102910.88,717150.4421296231
1684,5,3,3.994201861929581,1,8,37,47254.312,440726.2848162878
3160,3,2,1.358266944159026,0,6,51,34937.08,645375.2217757016
3874,3,2,1.5079214563928651,2,2,35,84817.92,820831.6964017673
3998,4,2,4.768263244481877,0,8,49,111149.06,866618.3890237983
2316,3,3,4.740725543010246,1,1,26,71621.17,570289.0160760867
2430,2,1,0.5616434768401155,2,10,35,41934.934,497168.0883454792
594,2,2,1.0104836769676253,1,9,3,11849.821,158856.84303466187
4077,2,1,4.687891143583819,2,6,36,144822.77,886451.6346786668
4400,3,1,4.521175639025592,2,1,8,162151.14,987241.429730274
1754,2,2,0.9197215105017644,2,4,27,25384.104,398823.2673263778
3641,1,1,1.3522703804818077,2,2,12,98442.945,763296.5725547657
1414,5,1,3.6519430962042674,2,9,29,37179.242,372292.6033923184
4785,1,3,0.9817573034938372,2,7,33,120164.25,972746.6952602348
3412,3,2,4.743778538331372,2,10,59,110636.75,744040.0563316267
725,2,1,1.608287084647392,2,6,45,10037.628,165242.29785174478
4425,4,3,3.599431433651144,0,9,36,115283.484,967287.6138508852
3867,1,2,1.8854887190731224,0,2,73,82625.414,760436.8893623694
3636,3,2,1.482169427121783,2,3,5,89306.16,818671.3913349382
3783,4,3,4.626239216904121,2,10,62,123303.34,839074.0204275192
2302,5,2,2.2060744626904114,2,3,68,37949.457,501913.6471080413
4143,3,3,4.953903860342006,1,8,56,128082.6,891638.5086964626
2261,1,1,0.8456334848117657,0,6,63,35252.977,439898.8032648414
2356,4,2,2.537661713949125,1,10,26,41947.465,558796.2539569193
1562,2,3,1.391429825241303,1,10,58,20627.95,355453.1829292205
1428,4,2,4.201225921806022,1,3,40,22638.477,369407.96419171983
2000,3,1,3.679854185604184,0,10,17,50280.08,485622.401919989
1888,5,1,4.725483899386899,2,4,43,53747.633,477884.3169302657
2324,4,2,0.622625053778668,2,10,57,38143.395,506990.3247570412
2765,5,2,4.124866611092257,0,5,33,59299.332,652434.7052233267
2526,5,2,2.679760335203821,2,6,47,49809.84,567108.4842135326
1569,5,2,1.0634925178257415,1,4,56,9872.046,362679.08775021497
3247,1,2,4.467035547233406,1,10,20,113341.984,740174.0146550778
4354,2,2,1.768635693071281,2,5,8,122365.01,935626.95292811
1232,4,3,2.028966090344797,2,9,61,30279.844,297268.39963389
4996,5,1,1.8681362260159984,0,8,22,113849.055,1070454.2752476104
3233,2,2,2.884465674898368,1,4,70,64421.785,660507.8198303543
1332,4,1,1.7701811168581978,0,7,19,13066.973,317780.5942863934
3869,4,1,3.283371764231835,1,1,16,108713.91,878704.0956397129
4500,4,1,1.8227709545760389,0,1,29,101086.52,940080.4444014952
3554,5,2,3.214364745266004,2,1,17,97817.48,826606.0146181242
1228,2,1,3.318450582452878,2,2,72,37480.316,269736.4362439106
4102,1,1,1.8242003148670145,2,4,50,104835.68,838955.4538986462
3843,5,1,3.813079145602249,2,8,40,106870.85,853001.1125510683
2104,3,3,1.0495018216592955,0,7,41,17680.732,451409.4809711031
4269,3,1,4.439325313048254,2,5,63,131861.5,934942.0571329228
2555,4,3,3.0173244157731065,2,5,37,58055.113,602549.2781823011
1209,5,3,3.865273584854323,2,2,14,42172.55,368327.4567183169
3266,5,2,3.7078069813742975,2,7,42,84749.06,738226.711971728
1103,5,1,3.770774739717069,1,1,40,25285.184,280149.1863612468
4988,4,2,1.3341775058713017,2,4,57,109688.13,1026397.296612232
1515,2,1,1.63690713779579,0,6,51,19846.951,300935.18607341987
2954,5,1,1.6620395884977202,1,4,55,37657.55,627923.6171994702
1656,1,3,4.608189521486104,2,10,49,64434.426,392725.1966639868
1869,1,1,3.018104845094039,2,10,45,50786.137,396681.2860961783
3683,4,3,2.362223593943581,0,5,36,69405.62,801206.2036701888
1691,4,3,1.751581199689756,2,2,14,35966.926,427302.04370052734
2163,2,1,3.446190839103346,0,7,6,63623.105,521205.600976709
3677,1,1,4.8301765097412055,1,9,8,142249.81,806645.0448680979
2547,4,2,3.715885737089259,2,8,39,65511.492,586086.5685389101
4014,1,1,1.5574742489061122,0,10,12,102670.67,821146.2339055584
879,4,1,0.7189594864777099,2,4,29,10007.525,217010.48526715024
2257,5,1,3.1310064057462115,0,2,57,35656.855,501305.5489940659
3894,3,2,1.2565315777968311,0,5,50,58585.863,797034.4255040532
1484,5,1,1.246554609668538,1,6,15,15309.466,360372.9780385626
1865,4,2,4.354220312431581,0,7,31,38227.15,478566.0655908441
1363,4,1,4.408878379205415,1,1,48,38046.074,340069.229775934
